All responses,cleaned_text
The guide ,guide
Its a raising development that needs monitoring for perfection ,raising development need monitoring perfection
Pressure likely to fluctuate ,pressure likely fluctuate
"The valid concern about downhole valve performance, and  the need for thorough diagnostics and cost effective intervention.",valid concern downhole valve performance need thorough diagnostics cost effective intervention
"Fluctuating GOR is typically a symptom of gas lift instability, valve malfunction, or gas slippage, not something resolved by just opening the choke.",fluctuating gor typically symptom gas lift instability valve malfunction gas slippage something resolved opening choke
It oversimplifies a complex system and encourages neglect of a fundamental engineering tool.,oversimplifies complex system encourages neglect fundamental engineering tool
Lack of first hand knowledge on the subject matter,lack first hand knowledge subject matter
LLMs can be confidently wrong and i dont have enough knowledge on the subject matter.,llm confidently wrong dont enough knowledge subject matter
"Same reasons as before, lack of first hand kowledge on the subject",reason lack first hand kowledge subject
Same reasons as before ,reason
Same reasons as before,reason
Theyre mere recommendations. There is need to further probe the scenario and look at other possible solutions.,mere recommendation need probe scenario look possible solution
"In my experience of using AI, there has been cases of generic answers which didnt really solve the problem ",experience using ai case generic answer really solve problem
Insufficient information ,insufficient information
There could be other factors reducing flow beyond just the tubing pressure. Some other parameters need to be checked,could factor reducing flow beyond tubing pressure parameter need checked
For offshore environments that is very likely to happen.,offshore environment likely happen
Beyond replacement due to increasing performance. Cost is also a major factor and also the expected flow rate will determine if replacement or diagnosis is a better option.,beyond replacement due increasing performance cost also major factor also expected flow rate determine replacement diagnosis better option
If the choke is widen too much the pressure declines faster and managing the pressure of the well determines how long the well would produce.,choke widen much pressure decline faster managing pressure well determines long well would produce
"Since we are now using a gas lift method our focus shifts from the pressure depth profile to the annulus and tubing pressure, due to the gas injection from surface. However, the pressure depth profile helps understand how much pressure is needed to inject the gas into the annulus to meet the required pressure head to lift the fluids.",since using gas lift method focus shift pressure depth profile annulus tubing pressure due gas injection surface however pressure depth profile help understand much pressure needed inject gas annulus meet required pressure head lift fluid
"When the pressurized gas travels subsurface, and the valve is actuated, It gives the free will to aerate the oil, thereby restoring bhfp and enhancing flow assurance.",pressurized gas travel subsurface valve actuated give free aerate oil thereby restoring bhfp enhancing flow assurance
"Gases are injected at different temperatures and as a result of that,the gas lifts may be subjected to expansion and contractions. So, thermal cycling may greatly affect lift stability.",gas injected different temperature result gas lift may subjected expansion contraction thermal cycling may greatly affect lift stability
"I believe acoustic survey works with the reflection of sound waves to determine the efficiency of gas lift, liquid loading and assessing well performance. Hence, I believe once they are launched, the reflection of sound waves are analyzed another to get results.",believe acoustic survey work reflection sound wave determine efficiency gas lift liquid loading assessing well performance hence believe launched reflection sound wave analyzed another get result
"Shallow gas can poses great risk, but if the production rate keeps fluctuating, the impact of shallow gas entry the can be less severe .",shallow gas pose great risk production rate keep fluctuating impact shallow gas entry less severe
Spiking Gas-to-Oil ratio is a great indicator of a kick - an influx of formation fluid into the wellbore and if not managed may lead to an escalation or blowout ,spiking gas oil ratio great indicator kick influx formation fluid wellbore managed may lead escalation blowout
Because boosting surface pressure can practically enhance downhole gas distribution. ,boosting surface pressure practically enhance downhole gas distribution
"The symptoms particularly annulus pressure fluctuation and inconsistent valve activity, suggest potential issues with gas lift stability, which this step directly addresses.",symptom particularly annulus pressure fluctuation inconsistent valve activity suggest potential issue gas lift stability step directly address
"The 48 hour review period is a good time  for capturing both operational and thermal cycles also, the Annulus pressure behavior over time can reveal valve leak-through, thermal effects, or multipoint injection all of which explain the pressure fluctuation and inconsistent valve activity seen in the well.",hour review period good time capturing operational thermal cycle also annulus pressure behavior time reveal valve leak thermal effect multipoint injection explain pressure fluctuation inconsistent valve activity seen well
The annulus pressure trending over time can reveal thermal effects and mechanical issues like valve leak-through or unintended shallow valve opening.,annulus pressure trending time reveal thermal effect mechanical issue like valve leak unintended shallow valve opening
This approach provides a clear method to pinpoint the actual gas entry point along the wellbore by comparing measured pressures to expected profiles. ,approach provides clear method pinpoint actual gas entry point along wellbore comparing measured pressure expected profile
"Overlaying GOR with pressure data can uncover dynamic interactions between gas injection and fluid production as a rising GOR alongside falling annulus pressure strongly suggests gas interference, gas lock, or multipoint injection.",overlaying gor pressure data uncover dynamic interaction gas injection fluid production rising gor alongside falling annulus pressure strongly suggests gas interference gas lock multipoint injection
Specificity over genericity ,specificity genericity
Lack of more information,lack information
Lack of more information,lack information
Lack of more information,lack information
Lack of more information,lack information
Lack of more information,lack information
"If there's any thermal contraction, it should be at night, not day...",thermal contraction night day
"If there's an underlying reason for the inconsistency, the new valves could exhibit the same behaviour ",underlying reason inconsistency new valve could exhibit behaviour
Given that the Gaslift valves are pressure controlled and can be activated by pressure depending on the pressure rating. An increase in Gas injection pressure can activate the deepest valve to ensure the lift gas goes deep enough to carry the fluid up the tubing.,given gaslift valve pressure controlled activated pressure depending pressure rating increase gas injection pressure activate deepest valve ensure lift gas go deep enough carry fluid tubing
"It's largely dependent on the nature of the well. HTHP or not. The pressure gradient also affects this, for wells with significant pressure gradients it should affect a little. (My thoughts)",largely dependent nature well hthp pressure gradient also affect well significant pressure gradient affect little thought
I've not run one before.,run one
Increasing the injection pressure is an option to ensure the valve fully opens,increasing injection pressure option ensure valve fully open
The production swing is too significant ,production swing significant
It is a relevant diagnostic step,relevant diagnostic step
I think it is a problem giving the production swing ,think problem giving production swing
The spikes might be due to the faulty valves and wherefore needs investigation,spike might due faulty valve wherefore need investigation
"It's a common practice to boost surface injection pressure in gas lift. Boosting surface injection pressure can help open deeper valves, which may not be activating if pressure is marginal. But then it will be ideal to support this with a nodal analysis or gas lift design review, because blindly boosting with 100psi without proper analysis could risk over injection or unintended gas behavior ",common practice boost surface injection pressure gas lift boosting surface injection pressure help open deeper valve may activating pressure marginal ideal support nodal analysis gas lift design review blindly boosting psi without proper analysis could risk injection unintended gas behavior
"Thermal cycling from day-night temperature changes can cause pressure variations in the annulus, especially offshore. This seems to be technically sound, but should still be monitored if combined with erratic valve behavior ",thermal cycling day night temperature change cause pressure variation annulus especially offshore seems technically sound still monitored combined erratic valve behavior
"Acoustic surveys can help, but they are not always reliable, especially for shallow valves. Might not show much more than what surface trends already reveal.",acoustic survey help always reliable especially shallow valve might show much surface trend already reveal
"Makes sense. Pressure-depth checks can show where gas is entering. Shallow entry is not always a big deal, especially with the current flow swings. Depends on the well setup though.",make sense pressure depth check show gas entering shallow entry always big deal especially current flow swing depends well setup though
"Could be true. GOR spikes often come from injection issues or separator tweaks. Not usually a serious problem, but I would still keep an eye on it to be sure",could true gor spike often come injection issue separator tweak usually serious problem would still keep eye sure
The fact that it proposed a solution which I still need to verify,fact proposed solution still need verify
The need to validate the above response using life data,need validate response using life data
The confirm with real time data,confirm real time data
The possibility that gas entry could cause a problem,possibility gas entry could cause problem
The uncertainty around that,uncertainty around
Absence of reason why pressure drops during the day and recovers at night and also there was no account for the valve evaluation to check if the valves are in a good working condition ,absence reason pressure drop day recovers night also account valve evaluation check valve good working condition
"Fluctuations in gas supply pressure or rate (from compressor problems, valve issues, etc.) can introduce non-thermal pressure variations",fluctuation gas supply pressure rate compressor problem valve issue etc introduce non thermal pressure variation
The fact that they miss shallow valves and produce fake positives ,fact miss shallow valve produce fake positive
The lack of consideration of gas entering at shallow depth,lack consideration gas entering shallow depth
Every change in production parameters should be put into consideration and undergo investigation immediately as most of these parameters may account for future or immediate well problems,every change production parameter put consideration undergo investigation immediately parameter may account future immediate well problem
It adheres to normal gas lift injection procedures of having a Min THP of 100 psi during design,adheres normal gas lift injection procedure min thp psi design
"Although the statement makes sense, it is not entirely true as pressure fluctuations is not expected during continuous GL Operations ",although statement make sense entirely true pressure fluctuation expected continuous gl operation
"Sure, pressure gradient curve can reveal gas entry points. Not so sure about the effect of shallow gas on the optimization ",sure pressure gradient curve reveal gas entry point sure effect shallow gas optimization
"While the statement in itself  makes sense, spiking GOR can definitely be a well control issue ",statement make sense spiking gor definitely well control issue
well i feel guilty,well feel guilty
this is the best.. soo funn,best soo funn
in this i see love,see love
i think this will be worked out,think worked
this is the right answer,right answer
The advice is fairly general and doesnt alignment with the anulas bleeding woth day to night variation. The ranking is that it is providing some very basic initial troubleshooting guidance.,advice fairly general doesnt alignment anulas bleeding woth day night variation ranking providing basic initial troubleshooting guidance
It captured more of the event data in the recommendation. Still lacks a bit on resolution to narrow down options.,captured event data recommendation still lack bit resolution narrow option
It gave a good recommendation and action to investigate to resolve the issue.,gave good recommendation action investigate resolve issue
Gave a good recommendation and course of action for i vestigation.,gave good recommendation course action vestigation
Providing actionable and good specific guidance to resolve the ossue.,providing actionable good specific guidance resolve ossue
Please go further in depth with your last statement,please go depth last statement
Please go further in depth with the pressure release and its dynamics,please go depth pressure release dynamic
Does valve activity constantly shift,valve activity constantly shift
Does the point of rationality merge with other aspects,point rationality merge aspect
Can the downhole separator combine with its partners,downhole separator combine partner
If the pressure is fluctuating it could not be running on all cylinders,pressure fluctuating could running cylinder
It's just an educational guess no real facts,educational guess real fact
The actual acoustic valve pressureneeds to be checked,actual acoustic valve pressureneeds checked
We need to see if the simulator is lining up correctly,need see simulator lining correctly
We need to see what is interfering,need see interfering
Because I can use the Ai to analyze the problem and help me understand a solution to the problem,use ai analyze problem help understand solution problem
Because I would prefer to check everything myself and go step by step before I asked AI for assistance,would prefer check everything go step step asked ai assistance
I believe that the AI would take an analysis of the problem and give me a solution for the problem to resolve,believe ai would take analysis problem give solution problem resolve
I would prefer to go over everything and make a check list,would prefer go everything make check list
I believe the information provided would be helpful to solve the issue at hand,believe information provided would helpful solve issue hand
CTO from Florida in oil and gas. Expert in gas lift. Mentor engineers,cto florida oil gas expert gas lift mentor engineer
"As a 27-year-old woman from Florida working as a CTO in oil and gas, I trust the Al assistant because it gives accurate, relevant, and efficient answers. Impression: Helpful. Trust rating: High",year old woman florida working cto oil gas trust al assistant give accurate relevant efficient answer impression helpful trust rating high
Helpful and accurate I trust AI assistant responses,helpful accurate trust ai assistant response
It's normal,normal
,nan
I think the use of artificial intelligence is very important and the suggestions made by Ghaala are very effective.,think use artificial intelligence important suggestion made ghaala effective
The information provided is very useful.,information provided useful
It is very useful information.,useful information
The information provided is very useful.,information provided useful
Because I think this information is correct.,think information correct
"The AI certainly has a lot of helpful info however if humans can make mistakes and humans design AI its safe to say there should be some concern. I believe you should ask follow up questions to gather as much info as possible. That ensures if something does go bad you did all you could and not based you decision on AI bc if AI is incorrect on their suggestion and you did as AI suggested with no follow questions or doing your own troubleshooting as well, you not AI are responsible",ai certainly lot helpful info however human make mistake human design ai safe say concern believe ask follow question gather much info possible ensures something go bad could based decision ai bc ai incorrect suggestion ai suggested follow question troubleshooting well ai responsible
"Follow up just ensures you gather as much info as possible. With the human factor, multiple people's suggestions are heard and used to come up with a solution. Follow up with AI is gathering as much as you can to make the best solution",follow ensures gather much info possible human factor multiple people suggestion heard used come solution follow ai gathering much make best solution
To gather as much info as you can before acting,gather much info acting
Info gathering g,info gathering
Info gathering,info gathering
AI has been trustworthy from my experience.,ai trustworthy experience
AI has been correct on all occasions.,ai correct occasion
It gave the correct steps.,gave correct step
Explained correctly.,explained correctly
Gave the correct answer,gave correct answer
I have experience and it's trusted,experience trusted
It's trustworthy and dependable,trustworthy dependable
It's to of lost and accurate,lost accurate
Runs smooth with no issues,run smooth issue
U don't need to model the recommendation,need model recommendation
Diagnostic,diagnostic
Pressure fluctuate,pressure fluctuate
Seems to be accurate,seems accurate
Research is key,research key
Realtime diagnosis,realtime diagnosis
I really do the old way with his hands on,really old way hand
Show me things can go wrong with the electrical of the AI. Its better just to do it hands-on,show thing go wrong electrical ai better hand
Things can go wrong with the AI. Its better to do it by hands-on and thats why I picked two for the low trust rating.,thing go wrong ai better hand picked two low trust rating
I dont trust it,trust
I dont trust it,trust
"Some other way it is where it is a little weird, but I agree with it. I know most of it to be true.",way little weird agree know true
I felt like the AI was a little on par but not completely. There needed to be a lot more information.,felt like ai little par completely needed lot information
This response was a bit incorrect. That's not how I would recommend proceeding.,response bit incorrect would recommend proceeding
This is exactly what I would have suggested. The AI is definitely anpoint.,exactly would suggested ai definitely anpoint
This is exactly what I would have suggested. The AI is pretty much on point .,exactly would suggested ai pretty much point
Ai pulls credible information front multiple sources,ai pull credible information front multiple source
Thats very close to what my recommendation would have been,close recommendation would
"Again, that is what I would have recommended",would recommended
Id rather double check my number before continuing with the AI suggestion,rather double check number continuing ai suggestion
the trust is high,trust high
brudda,brudda
brudda,brudda
bruh,bruh
hhhg,hhhg
Unaware of knowing the actual answer,unaware knowing actual answer
Unaware,unaware
Unaware,unaware
Hasn't been using it long,using long
Seems credible,seems credible
Need more information,need information
Need more t,need
Seems credible,seems credible
Not enough experience,enough experience
Not enough experience,enough experience
Gives more options,give option
Gives valve options,give valve option
Gives more options,give option
I can answer any questions,answer question
I accept,accept
Because not true,true
No excuses to exit,excuse exit
Gos over lap,go lap
i accepted the recommendation,accepted recommendation
i chose to accept the recommendation,chose accept recommendation
i accepted the recommendation,accepted recommendation
better than others,better others
better than others,better others
Because it works well and analyze well,work well analyze well
I just want to know more about it,want know
I feel like it gave me in-depth information,feel like gave depth information
I just feel like it's missing some information,feel like missing information
I need to know a little more information than what is given,need know little information given
Trust but verify as the stakes are high,trust verify stake high
Trust but verify,trust verify
Seems simple,seems simple
4,
4,
I don't trust AI much,trust ai much
This makes sense.,make sense
It's logical.,logical
Not so sure.,sure
It's not so accurate,accurate
I have some knowledge. The ai has allot more information,knowledge ai allot information
I have some knowledge. The ai has more information,knowledge ai information
I have some knowledge. The ai has more information,knowledge ai information
I have some knowledge. The ai has more information,knowledge ai information
I have some knowledge. The ai has more information,knowledge ai information
Because of transparent,transparent
Because there has to be some human interaction,human interaction
Because it will save you alot of time,save alot time
Helping you make a decision,helping make decision
Very informative,informative
Ai is a trustworthy application,ai trustworthy application
Ai is a very smart application,ai smart application
I use ai in all my businesses,use ai business
If I feel so is wrong I will check other resources,feel wrong check resource
I trust ai fully,trust ai fully
i trust ai very much because now a days AI are getting smart,trust ai much day ai getting smart
Ai getting more advanced,ai getting advanced
Ai is so helpful,ai helpful
"so fast, and time saving",fast time saving
need less time,need less time
Its a standard operating procedure,standard operating procedure
Standard operating procedure,standard operating procedure
Standard operating procedure,standard operating procedure
Standard operating procedure,standard operating procedure
Standard operating procedure,standard operating procedure
Its a logical course of action,logical course action
Good catch,good catch
"Its a little passive, but still leads in the right direction",little passive still lead right direction
Better direction with specifics,better direction specific
Good suggestion,good suggestion
What was suggested makes sense and from what little I've learned so far sounds right,suggested make sense little learned far sound right
This makes sense that there could be a leak or one of the values not functioning pr6,make sense could leak one value functioning pr
This one I'm unsure of. It sounds right but something doesn't feel right about it.,one unsure sound right something feel right
If a value is stuck open it could cause over pressure in the lines and sometimes even an under pressure in the lines. A not properly working value is dangerous,value stuck open could cause pressure line sometimes even pressure line properly working value dangerous
I'm unsure on this one but I sounds logical but before I did anything I'd get a second opinion just incase.,unsure one sound logical anything get second opinion incase
It was a helpful response,helpful response
I trust the response time in AI,trust response time ai
AI is helpful,ai helpful
Somewhat,somewhat
Somewhat,somewhat
It is very important,important
It is very important,important
It is very important,important
It is very good,good
It is very important,important
Because everything is different on a rig.,everything different rig
It's dangerous,dangerous
Because I can't trust just ai,trust ai
That is a great response,great response
It seems risky,seems risky
when it comes to an ai were always going to be iffy about there responce but aventually well ajust,come ai always going iffy responce aventually well ajust
th ai analyses every litthe dea,th ai analysis every litthe dea
its like auto correct itll make sure your correct,like auto correct itll make sure correct
i think its on the right track,think right track
well done,well done
The response was based on clear product benefits; truest rating reflects credibl eclaims and familiar branding.,response based clear product benefit truest rating reflects credibl eclaims familiar branding
I based my response on clear messaging and rated trust high due to brand reputation and transparency.,based response clear messaging rated trust high due brand reputation transparency
The product message was clear and informative; I rated trust highly due to recognizable branding and scientifically supported claims.,product message clear informative rated trust highly due recognizable branding scientifically supported claim
Clear product benefits and trustworthy branding influeced my response and resulted in a high truest rating,clear product benefit trustworthy branding influeced response resulted high truest rating
Clear message and trusted brand led to a high trust rating.,clear message trusted brand led high trust rating
Because I think it's very good,think good
Because I think it's very good,think good
Because I think it's very good,think good
Because it is very good,good
Because it is very good,good
THE AI IS TRUSTWORTHY AS IT ALIGNS WITH STANDARD RESPONDS,ai trustworthy aligns standard responds
BETTER TO ME THAN OTHER,better
GOOD TO ME THAN OTHER,good
GOOD FOR MY COMPANY,good company
BETTER THAN OTHER,better
Very het,het
Very helpful,helpful
Idk,idk
It would help,would help
Make sure u keep it a a level,make sure keep level
AI make the gaslift easy to understand the procedure,ai make gaslift easy understand procedure
The assistant AI gave help me trace the fault,assistant ai gave help trace fault
Am neutral with the response,neutral response
Very good and explanatory,good explanatory
I didnt agree with the response i have to trace fault,didnt agree response trace fault
I think ai is more helpful than hurtful,think ai helpful hurtful
The ai is surprisingly good,ai surprisingly good
The ai seems to be right to me.,ai seems right
I appreciate the suggestions from ai,appreciate suggestion ai
The ai suggestion is helpful,ai suggestion helpful
It's in the middle because that's how I feel about,middle feel
"The medium trust, because I hope fully trusted, but I sort of",medium trust hope fully trusted sort
"I would trusted mediumly, because I would want to ask and follow up questi",would trusted mediumly would want ask follow questi
"Once again, I would have some more questions you did",would question
I have more questions needing answers,question needing answer
It fit my needs perfectly and made eblveryday routines so much easir,fit need perfectly made eblveryday routine much easir
It worked great for my baby and made daily outings way less stressful,worked great baby made daily outing way less stressful
It gave me confidence every time we went out and kept my baby safe,gave confidence every time went kept baby safe
It helped stabilize flow and made the we'll feel more predictable daily,helped stabilize flow made feel predictable daily
It didn't feel complete and I needed deeper data to trust the device,feel complete needed deeper data trust device
I would want safety factors presented,would want safety factor presented
I have seen this in the past and it makes sense.,seen past make sense
What data is determining the failure of the component,data determining failure component
I have seen this work in the past,seen work past
Never heard of doing this with a reduction problem,never heard reduction problem
Im going to accept recommendations and love forward because I agree with what the AI technology is saying,going accept recommendation love forward agree ai technology saying
Im going to ask follow up questions because there could be a number of reasons why its changing from night time to day time,going ask follow question could number reason changing night time day time
I agree with the ai recommendation,agree ai recommendation
We will follow the ai recommendations,follow ai recommendation
Too many factors here Im gonna need to ask more questions,many factor gonna need ask question
Increased pressure injection is helpful,increased pressure injection helpful
Thermal impact can be significant,thermal impact significant
It covers actual possibilities,cover actual possibility
This is a thorough response to the issue presented,thorough response issue presented
It just makes sense,make sense
"Production fluctuates tetween 1,300 and 2,000 stb/d Annulus pressure drops during the day, partially recovers at night Tubing head pressure down by 20% GOR spikes unpredictably Acoustic tool shows inconsistent valve activity No surface equipment alarms which indicate that something is misfiring",production fluctuates tetween stb annulus pressure drop day partially recovers night tubing head pressure gor spike unpredictably acoustic tool show inconsistent valve activity surface equipment alarm indicate something misfiring
Acoustic tool shows inconsistent valve activity which doesn't seem to directly be talked about so I'm neutral but I could be helpful,acoustic tool show inconsistent valve activity seem directly talked neutral could helpful
It directly has a theory involving the acualissue involving v ing the,directly theory involving acualissue involving ing
see if the injection depth lines up with what we expect from the valve spacing.seems not to directly line up with a solution involved w problwn,see injection depth line expect valve spacing seems directly line solution involved problwn
I just don't help including being something that is hands on for me so it's hard to put into words to where it would make ense,help including something hand hard put word would make ense
I think it would be a compatible system,think would compatible system
I don't like ignoring the situation,like ignoring situation
I would want some of the information,would want information
That works for me,work
I like how specific it was,like specific
Its very good and very important,good important
Its very good,good
Very important,important
Its very good and very important for me,good important
Its very good and very important,good important
"With a fully function ai, I would trust it more than a person since it thinks in numbers.",fully function ai would trust person since think number
Ai calculate probabilities and statistics using data from all over the world,ai calculate probability statistic using data world
Im am neutral with this because ai is not that well developed yet. Its still in the early learning stages,neutral ai well developed yet still early learning stage
Ai technology is still young and still need ton adapt and learn,ai technology still young still need ton adapt learn
Ai uses data to give u the best probability,ai us data give best probability
This aligns with my thinking on this topic,aligns thinking topic
This is something that needs to be,something need
This is an acceptable response in this situation,acceptable response situation
This is true and there are not alarms but this is a quick conclusion jump and needs to be investigated further,true alarm quick conclusion jump need investigated
This is an acceptable response in this case,acceptable response case
Usually AI is correct 8,usually ai correct
No rationale,rationale
Not sure about the neutral valve,sure neutral valve
I believe it has to do with spacing,believe spacing
The pressure probably dipped,pressure probably dipped
"i still would like to see all the pressure data, surface, tubing and annulus",still would like see pressure data surface tubing annulus
the time in between is the pressure buildup in the reservoir.,time pressure buildup reservoir
an acoustic log may show that a valve is defective by a different signature allowing flow through the valve,acoustic log may show valve defective different signature allowing flow valve
"Yes, using a well simulator to model the pressure-depth and with the acoustic log to check the gas lift design and if the the actual injection depth aligns to the valve spacing",yes using well simulator model pressure depth acoustic log check gas lift design actual injection depth aligns valve spacing
it suggests strong gas interference or issues in the injection,suggests strong gas interference issue injection
I need more information from the AI,need information ai
Insufficient answers from the AI,insufficient answer ai
It seems the best course of action,seems best course action
It seems very accurate,seems accurate
I dont trust in this recommendation,trust recommendation
The response is general and does not consider the specific information provided in the case at hand completly,response general consider specific information provided case hand completly
The information is general and does not consider the specialities of the information provided in the case at hand,information general consider speciality information provided case hand
General information without considering the specifics,general information without considering specific
Does not provide an answer but questions,provide answer question
More in the topic at hand,topic hand
It gives good suggestions,give good suggestion
Good suggestion,good suggestion
Help identify problems and solutions,help identify problem solution
Good suggestion,good suggestion
Good suggestion,good suggestion
It's a decent general response but I think further evaluation is needed,decent general response think evaluation needed
It's fairly accurate. We've had situations that are similar,fairly accurate situation similar
I suspect it is also more of a well control issue more so than anything else,suspect also well control issue anything else
Seems to be a good course of action,seems good course action
Good ideas,good idea
Good,good
Did,
Didn't,
Have to double check to see,double check see
Reliability and Accuracy.,reliability accuracy
I reacted them 4 for their Fairness and Ethical Design.,reacted fairness ethical design
I Trust AI respond for there Reliability and Accuracy.,trust ai respond reliability accuracy
I trust the AI's respond for there Reliability and Accuracy.,trust ai respond reliability accuracy
Reliability and Accuracy.,reliability accuracy
Decent,decent
Decent,decent
The indepth analysis given by the AI and all the other factors taken into place.,indepth analysis given ai factor taken place
AI analysed the situation and simplified it for everyone to get the job done faster.,ai analysed situation simplified everyone get job done faster
"AI has given a valid advice for us not to waste resources and time repairing one of the three valves, instead we should replace it entirely.",ai given valid advice waste resource time repairing one three valve instead replace entirely
"AI has recommended that for more produce, we need to open the valve a little more.",ai recommended produce need open valve little
"AI has recommended that we don't change the valve just yet, but instead we open it a little more and let it operate like that for some time.",ai recommended change valve yet instead open little let operate like time
"logical because it enhances efficiency and accuracy, helping make better decisions. However, it is essential to handle challenges like training and privacy carefully to avoid negative impacts.",logical enhances efficiency accuracy helping make better decision however essential handle challenge like training privacy carefully avoid negative impact
"logical because it enhances efficiency and accuracy, helping make better decisions. However, it is essential to handle challenges like training and privacy carefully to avoid negative impacts.",logical enhances efficiency accuracy helping make better decision however essential handle challenge like training privacy carefully avoid negative impact
Because it has proven its effectiveness in many fields.,proven effectiveness many field
I trust your choices,trust choice
I see some reservations about this topic.,see reservation topic
I see that he is confident of humiliation,see confident humiliation
He is right about that.,right
Quick and very detailed in answer,quick detailed answer
"Ai gave a clear direct answer, straightforward",ai gave clear direct answer straightforward
Straightforward answering and clearly explained,straightforward answering clearly explained
"Measuring depths are on par and correct, clearly explained",measuring depth par correct clearly explained
It understands the clear separation in between the two,understands clear separation two
It is advanced,advanced
"It says not to were, but always be cautious with gas and oil.",say always cautious gas oil
Correct pressure,correct pressure
Procedure compliant,procedure compliant
No safety,safety
GOR greatly appreciate,gor greatly appreciate
Monitor your progress,monitor progress
my own knowledge and assessment,knowledge assessment
Trust,trust
Not teus,teus
Trust,trust
"I believe it is a good tool to help point in a possible direction, but must be verified for accuracy.",believe good tool help point possible direction must verified accuracy
Must be verified,must verified
More concrete answers needed before doing a survey that may not tell you anything,concrete answer needed survey may tell anything
Must be verified,must verified
Verify AI directions given. Not always accurate.,verify ai direction given always accurate
Not trust,trust
Gas risen and can blow up,gas risen blow
Trust,trust
Nine,nine
Not trust the al,trust al
Because the additional gas will reduce the bottomhoke pressure by augmenting the formation,additional gas reduce bottomhoke pressure augmenting formation
The thermal cycling isn't the appropriate response to the problem at hand.,thermal cycling appropriate response problem hand
"It sounds like possible liquid loading if it wants to run an acoustic survey, which is a proper response to the issue.",sound like possible liquid loading want run acoustic survey proper response issue
Doing the depth gradients can be a very important part in diagnosing the problem. It gives the analysis of the pressure distribution in the bore which can get to the root of the issue.,depth gradient important part diagnosing problem give analysis pressure distribution bore get root issue
The a.i assistant saying there's no need for urgency is false.,assistant saying need urgency false
By knowing it had to engage the actuator to distribute the gas.,knowing engage actuator distribute gas
Because the AI is right as long as it steady back out pressure will fluctuate,ai right long steady back pressure fluctuate
You should always investigate a potential issue,always investigate potential issue
it laid out the facts clearly,laid fact clearly
"Very clear and concise, just the facts",clear concise fact
very clear and concise,clear concise
"clear and concise, just the facts",clear concise fact
"clear, concise, just the facts",clear concise fact
It was very specific on how much to boost the PSI,specific much boost psi
It was a very generic response and telling me as long as there is gas there will.be fluctuation doesn't solve my problem,generic response telling long gas fluctuation solve problem
Telling me.avout the acoustic survey and how it could miss diagnosis,telling avout acoustic survey could miss diagnosis
It seems that this is another generic response,seems another generic response
I think that it explains suggests effectively and doesnt leave me confused,think explains suggests effectively doesnt leave confused
It explains in an easy to understand way,explains easy understand way
i have always enjoyed the short clear options,always enjoyed short clear option
i think it will be fun too use,think fun use
i love how amazing features are,love amazing feature
not sure or why,sure
i think it needs m ore advancemwnt,think need ore advancemwnt
"Blue feels calming and expressive, like the vibe I get from live music. It reflects how I stay grounded and open, which helps me trust my instincts and choices",blue feel calming expressive like vibe get live music reflects stay grounded open help trust instinct choice
"It felt confident, clear, and matched what I already believed or experienced.",felt confident clear matched already believed experienced
Quality results,quality result
True results,true result
True statement,true statement
Fully trust,fully trust
Great statement,great statement
talking about the actuation,talking actuation
it did not initiate the steps to replacing valve heads and did not off a possible solution or troubleshooting steps to begin,initiate step replacing valve head possible solution troubleshooting step begin
it basically had the idea of wait and see without any definitive steps toward solving the problem or what the next steps should be to determine the issue,basically idea wait see without definitive step toward solving problem next step determine issue
it basically gave one possible cause but no others and did nothing toward steps or solutions to correct the problem.,basically gave one possible cause others nothing toward step solution correct problem
giving possible reasons as to why the fluctuations are occuring and some steps to investigate but not all steps that could be taken so it was only some initial steps in the beginning that were offered and not detailed corrective steps,giving possible reason fluctuation occuring step investigate step could taken initial step beginning offered detailed corrective step
It explained the valve behavior clearly and matched the symptoms I saw,explained valve behavior clearly matched symptom saw
It matched the symptoms I observed and explained valve beh savior clearly,matched symptom observed explained valve beh savior clearly
I already did because the response was very clear. I did really understand it.,already response clear really understand
It was very clear and detailed. Theres a response was understandable.,clear detailed response understandable
Response wasnt really that clear to me. They left me confused.,response really clear left confused
This appears to follow what I have done without AI guidance.,appears follow done without ai guidance
This slightly varies from what I would do without AI.,slightly varies would without ai
There are other options to consider.,option consider
AI response was in step with company procedures,ai response step company procedure
"AI is showing possible real time hazards, and is giving good measurements for proper valve function",ai showing possible real time hazard giving good measurement proper valve function
AI is recommending good response for valve actuation and sequence protocols.,ai recommending good response valve actuation sequence protocol
"AI is sending me to test critical pressures, to detect any issues with the system",ai sending test critical pressure detect issue system
AI has a good detection method which can be used to find leaks in the system,ai good detection method used find leak system
I agree with it,agree
Increasing gas lift should stabilize the well and increase production,increasing gas lift stabilize well increase production
The accuracy with which artificial intelligence displays results,accuracy artificial intelligence display result
Artificial intelligence highlights a recommendation that must be taken into account.,artificial intelligence highlight recommendation must taken account
It displays its information based on significance.,display information based significance
It covers a variety of information to solve problems.,cover variety information solve problem
It provides various information to provide the best solutions.,provides various information provide best solution
trust,trust
trust,trust
trust,trust
trust,trust
trust,trust
All things,thing
Many Quality,many quality
Not right,right
It did not provide details of why it suggested that needed to be done.,provide detail suggested needed done
The response made sense regarding the fact that there can be fluctuation,response made sense regarding fact fluctuation
"The issue could be in the wellbore, not in the surrounding formation",issue could wellbore surrounding formation
I'm not sure I know what to do with that response,sure know response
I kind of like the wait-and-see approach for trends,kind like wait see approach trend
The recommendation meets operation standard,recommendation meet operation standard
Partially in contempts because we cant ignore anything in operational engineering,partially contempt ignore anything operational engineering
It is actually writhing operational respond actions,actually writhing operational respond action
Partially will work with the recommendation as first responds,partially work recommendation first responds
Not to bad for a maintenance check routine,bad maintenance check routine
It was certain ways the ai put the words in the paragraph I just read.,certain way ai put word paragraph read
It certainly added more details to make me trust it more.,certainly added detail make trust
It wasnt too much that I understood.,much understood
Wasnt too trustworthy,trustworthy
just the evidence supported by factual basis.,evidence supported factual basis
its got good intuition about the counterparts.,got good intuition counterpart
facts nothing but facts.,fact nothing fact
didnt seem quite right.,seem quite right
well according to my research its correct.,well according research correct
More details in the description of what needs to be done,detail description need done
I don't believe AI has the same level of problem solving as a human. I would need follow up questions to hear whyAI came up with this response,believe ai level problem solving human would need follow question hear whyai came response
The AI response is in agreement with my own opinion.,ai response agreement opinion
The AI response is to just replace everything instead if actually doing the work to troubleshoot the exact problem,ai response replace everything instead actually work troubleshoot exact problem
I would ask follow up questions to determine why the AI gave me this answer,would ask follow question determine ai gave answer
The is a generic response and has no solid reasoning or problem solving steps,generic response solid reasoning problem solving step
The valve may not be opening properly,valve may opening properly
The reasoning behind the change in numbers from day to night,reasoning behind change number day night
Its run depth reasoning of if two valves are opening at the same time,run depth reasoning two valve opening time
gas could very well be entering at a higher design,gas could well entering higher design
Im not familiar with its reasoning here,familiar reasoning
As a result of the accuracy of the information it provides,result accuracy information provides
Reliable as a result of the information provided,reliable result information provided
It gives solutions to problems.,give solution problem
I am trusting in AI,trusting ai
Good to get on the solution,good get solution
The AI was right when the pressure is increase it allow the valve to open fully,ai right pressure increase allow valve open fully
We can ignore the daytime we have more heat during the day with the factor of environment adding to it,ignore daytime heat day factor environment adding
The AI response is correct with my number of year experience,ai response correct number year experience
